,Ad,Conversions,SubAccount
9,23847418475480235 - Image 1,68,Sueños Unidos
23,23847702975130235 - Image 4,58,Sueños Unidos
10,23847418475480235 - Image 2,50,Sueños Unidos
11,23847418475480235 - Image 3,49,Sueños Unidos
5,23847344501350467 - Image 2,207,Keller Williams Preferred Realty
4,23847344501350467 - Image 1,122,Keller Williams Preferred Realty
6,23847344501350467 - Image 3,95,Keller Williams Preferred Realty
7,23847344501350467 - Image 4,77,Keller Williams Preferred Realty
14,23847590781720443 - Image 2,43,Alex Cordova
13,23847590781720443 - Image 1,31,Alex Cordova
16,23847590781720443 - Image 4,24,Alex Cordova
130,23851867766320430 - Image 2,22,Alex Cordova
30,23848590450780179 - Image 1,58,David Torres
124,23851867736860430 - Image 1,28,David Torres
33,23848590450780179 - Image 4,17,David Torres
111,23851765532490554 - Image 3,13,David Torres
34,23848602840980131 - Image 1,136,Iowa Compra y Venta de Casas
37,23848602840980131 - Image 4,49,Iowa Compra y Venta de Casas
86,23851149622980131 - Image 3,31,Iowa Compra y Venta de Casas
87,23851149622980131 - Image 4,25,Iowa Compra y Venta de Casas
39,23848679140170131 - Image 2,72,Mariela Martinez
41,23848679140170131 - Image 4,66,Mariela Martinez
38,23848679140170131 - Image 1,64,Mariela Martinez
40,23848679140170131 - Image 3,44,Mariela Martinez
42,23848680438940389 - Image 3,386,Gustavo Lopez
43,23848680438940389 - Image 4,59,Gustavo Lopez
156,23852056531110430 - Image 1,30,Gustavo Lopez
158,23852056531110430 - Image 3,29,Gustavo Lopez
44,23848694716140131 - Image 1,135,Lady Martinez
105,23851738692890430 - Image 3,42,Lady Martinez
45,23848694716140131 - Image 3,15,Lady Martinez
104,23851738692890430 - Image 2,13,Lady Martinez
52,23848831604750324 - Image 1,91,Lake Michigan Realty Management
54,23848831604750324 - Image 3,60,Lake Michigan Realty Management
74,23850780597750062 - Image 3,36,Lake Michigan Realty Management
75,23850780597750062 - Image 4,35,Lake Michigan Realty Management
56,23849530828510279 - Image 1,59,Milton Arroyo
57,23849530828510279 - Image 2,47,Milton Arroyo
58,23849530828510279 - Image 3,41,Milton Arroyo
59,23849530828510279 - Image 4,13,Milton Arroyo
144,23851920354810131 - Image 4,42,Aixa Landron Fatherson Realty Inc.
60,23849781343700220 - Image 1,21,Aixa Landron Fatherson Realty Inc.
61,23849781343700220 - Image 2,15,Aixa Landron Fatherson Realty Inc.
141,23851920354810131 - Image 1,7,Aixa Landron Fatherson Realty Inc.
68,23849802192190251 - Image 4,178,Casa Soñada KC
65,23849802192190251 - Image 1,45,Casa Soñada KC
66,23849802192190251 - Image 2,42,Casa Soñada KC
64,23849802192190251 - Image  3,11,Casa Soñada KC
70,23850461783140556 - Image 2,109,Burnes International
81,23851082478330430 - Image 2,45,Burnes International
80,23851082478330430 - Image 1,30,Burnes International
83,23851082478330430 - Image 4,10,Burnes International
91,23851610925090062 - Image 1,28,RazrGroup
77,23850788953930554 - Image 2,25,RazrGroup
79,23850788953930554 - Image 4,24,RazrGroup
119,23851842743270430 - Image 4,16,RazrGroup
89,23851310960030430 - Image 3,69,Art Mendoza Realtor
207,23852603345370676 - Image 1,11,Art Mendoza Realtor
90,23851310960030430 - Image 4,3,Art Mendoza Realtor
88,23851310960030430 - Image 2,2,Art Mendoza Realtor
121,23851842763420430 - Image 2,48,Cardinal Financial Company
123,23851842763420430 - Image 4,26,Cardinal Financial Company
97,23851611018830062 - Image 3,14,Cardinal Financial Company
96,23851611018830062 - Image 2,9,Cardinal Financial Company
101,23851686611040554 - Image 3,55,Jesus Century 21 Powerhouse Realty
133,23851867811530430 - Image 1,22,Jesus Century 21 Powerhouse Realty
135,23851867811530430 - Image 3,19,Jesus Century 21 Powerhouse Realty
100,23851686611040554 - Image 2,7,Jesus Century 21 Powerhouse Realty
112,23851813107780554 - Image 1,19,RE/MAX ONE PALMDALE
145,23851920745230131 - image 1,12,RE/MAX ONE PALMDALE
231,23852806253400430 - Image 1,3,RE/MAX ONE PALMDALE
146,23851920745230131 - image 3,2,RE/MAX ONE PALMDALE
139,23851885087240131 - Image 3,47,Ruth - Campos International Group
140,23851885087240131 - Image 4,42,Ruth - Campos International Group
137,23851885087240131 - Image 1,11,Ruth - Campos International Group
138,23851885087240131 - Image 2,1,Ruth - Campos International Group
150,23851921267120131 - Image 3,58,Miguel Hawkins Prestamista con Homestar
151,23851921267120131 - Image 4,21,Miguel Hawkins Prestamista con Homestar
148,23851921267120131 - Image 1,2,Miguel Hawkins Prestamista con Homestar
149,23851921267120131 - Image 2,1,Miguel Hawkins Prestamista con Homestar
163,23852078169570131 - Image 4,29,Ricardo Ruiz - GK Properties
161,23852078169570131 - Image 2,2,Ricardo Ruiz - GK Properties
160,23852078169570131 - Image 1,1,Ricardo Ruiz - GK Properties
162,23852078169570131 - Image 3,1,Ricardo Ruiz - GK Properties
166,23852082337300430 - Image 3,28,Epifanio Almodovar The Federal Savings Bank
165,23852082337300430 - Image 2,20,Epifanio Almodovar The Federal Savings Bank
164,23852082337300430 - Image 1,17,Epifanio Almodovar The Federal Savings Bank
167,23852082337300430 - Image 4,2,Epifanio Almodovar The Federal Savings Bank
169,23852169021510430 - Image 3,37,Compra Casas en Tampa
168,23852169021510430 - Image 2,6,Compra Casas en Tampa
170,23852169021510430 - Image 4,6,Compra Casas en Tampa
173,23852292829350131 - Image 4,27,Campos International Group - Maryland
171,23852292829350131 - Image 1,20,Campos International Group - Maryland
172,23852292829350131 - Image 2,6,Campos International Group - Maryland
250,23852840340000131 - Image 1,6,Campos International Group - Maryland
177,23852315382510430 - Image 4,20,Stephanie Barreto
176,23852315382510430 - Image 3,13,Stephanie Barreto
174,23852315382510430 - Image 1,3,Stephanie Barreto
175,23852315382510430 - Image 2,1,Stephanie Barreto
205,23852564330740072 - Image 2,49,RAD Real Estate
206,23852564330740072 - Image 4,5,RAD Real Estate
204,23852564330740072 - Image 1,2,RAD Real Estate
179,23852327559820430 - Image 1,1,RAD Real Estate
208,23852610079770430 - Image 1,65,Valeria Silva Realtor
183,23852348700300789 - Image 2,14,Valeria Silva Realtor
184,23852348700300789 - Image 3,9,Valeria Silva Realtor
182,23852348700300789 - Image 1,2,Valeria Silva Realtor
186,23852392890210131 - Image 3,9,H&T Properties
185,23852392890210131 - Image 1,3,H&T Properties
253,23852840371480131 - Image 1,3,H&T Properties
187,23852392890210131 - Image 4,2,H&T Properties
192,23852498425910094 - Image 3,8,Francisco J. Cuza Mortgage Advisor
188,23852498425910094 - Image 1,2,Francisco J. Cuza Mortgage Advisor
190,23852498425910094 - Image 2,2,Francisco J. Cuza Mortgage Advisor
193,23852498425910094 - Image 3,8,Gladis Madrid
189,23852498425910094 - Image 1,2,Gladis Madrid
191,23852498425910094 - Image 2,2,Gladis Madrid
197,23852502292260430 - Image 4,28,Jennifer Toledo
196,23852502292260430 - Image 3,8,Jennifer Toledo
194,23852502292260430 - Image 1,4,Jennifer Toledo
195,23852502292260430 - Image 2,1,Jennifer Toledo
201,23852557185360657 - Image 2,5,Claudia White e Yvette Garay
217,23852676633870657 - Image 1,4,Claudia White e Yvette Garay
218,23852676633870657 - Image 2,3,Claudia White e Yvette Garay
202,23852557185360657 - Image 3,2,Claudia White e Yvette Garay
211,23852622058580430 - Image 1,9,Derly Alvarez
213,23852622058580430 - Image 4,9,Derly Alvarez
212,23852622058580430 - Image 3,8,Derly Alvarez
214,23852648720500729 - Image 2,6,Ulices Melendez con Alliance Real Estate
216,23852648720500729 - Image 4,4,Ulices Melendez con Alliance Real Estate
215,23852648720500729 - Image 3,2,Ulices Melendez con Alliance Real Estate
222,23852706870330430 - Image 4,9,PrimeTime Realtors
220,23852706870330430 - Image 1,4,PrimeTime Realtors
221,23852706870330430 - Image 3,3,PrimeTime Realtors
225,23852793253950131 - Image 2,13,Ruben Regalado Care Real Estate
290,23853233307140183 - Image 1,5,Ruben Regalado Care Real Estate
224,23852793253950131 - Image 1,3,Ruben Regalado Care Real Estate
291,23853233307140183 - Image 2,2,Ruben Regalado Care Real Estate
226,23852794097540745 - Image 1,1,Grace Meza - Caddell
227,23852794097540745 - Image 4,1,Grace Meza - Caddell
252,23852840371480131 - Image 1,3,Brett Baird - H&T Properties
233,23852807253760430 - Image 3,1,Brett Baird - H&T Properties
234,23852818818930430 - Image 1,3,Ruben Marron Broker
235,23852818818930430 - Image 3,1,Ruben Marron Broker
236,23852818818930430 - Image 4,1,Ruben Marron Broker
259,23852894791340430 - Image 3,2,Martha Turner Sotheby's International Realty
258,23852894791340430 - Image 1,1,Martha Turner Sotheby's International Realty
263,23852906949820099 - Image 4,19,Owner Financing Houston
261,23852906949820099 - Image 2,4,Owner Financing Houston
260,23852906949820099 - Image 1,3,Owner Financing Houston
262,23852906949820099 - Image 3,1,Owner Financing Houston
264,23852971015760388 - Image 2,7,Rivera Realty
265,23852971015760388 - Image 3,2,Rivera Realty
266,23852971015760388 - Image 4,2,Rivera Realty
267,23852972936410430 - Image 3,3,Belén Alcaraz Team
269,23852978132730462 - Image 2,8,Juan Celedon Real Estate
271,23852978132730462 - Image 4,5,Juan Celedon Real Estate
270,23852978132730462 - Image 3,3,Juan Celedon Real Estate
268,23852978132730462 - Image 1,1,Juan Celedon Real Estate
277,23852986928610683 - Image 2,8, Realtor
278,23852986928610683 - Image 4,6, Realtor
276,23852986928610683 - Image 1,3, Realtor
280,23853045766470612 - Image 2,7,Miguel Perez Realtor
279,23853045766470612 - Image 1,4,Miguel Perez Realtor
281,23853045766470612 - Image 4,4,Miguel Perez Realtor
283,23853120369950250 - Image 2,5,Leslie Garcia
284,23853120369950250 - Image 3,5,Leslie Garcia
282,23853120369950250 - Image 1,4,Leslie Garcia
285,23853120369950250 - Image 4,1,Leslie Garcia
287,23853218002630195 - Image 2,41,Blanca Cativo
288,23853218002630195 - Image 3,18,Blanca Cativo
289,23853218002630195 - Image 4,18,Blanca Cativo
286,23853218002630195 - Image 1,4,Blanca Cativo
293,23853453460240708 - Image 2,7,Century 21 Masters
292,23853453460240708 - Image 1,1,Century 21 Masters
294,23853453460240708 - Image 3,1,Century 21 Masters
297,23854393358630734 - Image 1,8,United Freedom Realty
298,23854393358630734 - Image 3,2,United Freedom Realty
295,23854339548530734 - Image 1,1,United Freedom Realty
296,23854339548530734 - Image 2,1,United Freedom Realty
